loss,accuracy,epoch
2.0100302696228027,0.6549796462059021,1
0.08643238246440887,1.0,2
0.016570601612329483,1.0,3
0.007259075529873371,1.0,4
0.004107156302779913,1.0,5
