loss,accuracy,epoch
1.9987823963165283,0.7134146094322205,1
0.08063694834709167,1.0,2
0.017508098855614662,1.0,3
0.007883888669312,1.0,4
0.0045311348512768745,1.0,5
